impl,model,L,chi,threads_or_np_or_seg,energy,solve_time,wall_time,success
dmrg-gpu,heisenberg,12,20,,-5.142090628199,0.989,0.989,True
dmrg-gpu,heisenberg,12,50,,-5.142090632841,0.726,0.726,True
dmrg-gpu,heisenberg,12,128,,-5.142090632841,0.726,0.726,True
dmrg-gpu,heisenberg,20,20,,-8.682472919095,2.258,2.258,True
dmrg-gpu,heisenberg,20,50,,-8.682473334378,1.491,1.491,True
dmrg-gpu,heisenberg,20,128,,-8.682473334399,1.703,1.703,True
dmrg-gpu,heisenberg,32,20,,-13.997308480726,4.763,4.763,True
dmrg-gpu,heisenberg,32,50,,-13.997315615496,8.864,8.864,True
dmrg-gpu,heisenberg,32,128,,-13.997315618224,4.641,4.641,True
dmrg-gpu,heisenberg,64,50,,-28.175424542909,30.491,30.491,True
dmrg-gpu,heisenberg,64,128,,-28.175424859649,24.979,24.979,True
dmrg-gpu,heisenberg,100,50,,-44.127736985648,72.887,72.887,True
dmrg-gpu,heisenberg,100,128,,-44.12773989073,180.605,180.605,True
dmrg-gpu,josephson,8,20,,-2.843797847833,2.877,2.877,True
dmrg-gpu,josephson,8,50,,-2.843801043142,1.23,1.23,True
dmrg-gpu,josephson,8,128,,-2.843801043291,1.078,1.078,True
dmrg-gpu,josephson,16,20,,-6.172484353762,6.355,6.355,True
dmrg-gpu,josephson,16,50,,-6.172597099846,10.172,10.172,True
dmrg-gpu,josephson,16,128,,-6.172597174056,4.482,4.482,True
dmrg-gpu,josephson,32,50,,-12.840602776148,30.46,30.46,True
dmrg-gpu,josephson,32,128,,-12.840606884663,29.338,29.338,True
dmrg-gpu,josephson,48,50,,-19.510976058863,59.808,59.808,True
dmrg-gpu,josephson,48,128,,-19.510999778451,159.629,159.629,True
dmrg-gpu,josephson,64,50,,-26.181925038708,82.296,82.296,True
dmrg-gpu,josephson,64,128,,-26.181992617475,282.681,282.681,True
dmrg-gpu,tfim,12,20,,-14.925971109909,0.692,0.692,True
dmrg-gpu,tfim,12,50,,-14.925971109909,0.727,0.727,True
dmrg-gpu,tfim,12,128,,-14.925971109909,0.736,0.736,True
dmrg-gpu,tfim,20,20,,-25.107797111624,1.04,1.04,True
dmrg-gpu,tfim,20,50,,-25.107797111624,1.294,1.294,True
dmrg-gpu,tfim,20,128,,-25.107797111624,1.879,1.879,True
dmrg-gpu,tfim,32,20,,-40.384313161212,1.651,1.651,True
dmrg-gpu,tfim,32,50,,-40.384313161218,2.219,2.219,True
dmrg-gpu,tfim,32,128,,-40.384313161219,5.205,5.205,True
dmrg-gpu,tfim,64,50,,-81.125980123144,5.428,5.428,True
dmrg-gpu,tfim,64,128,,-81.125980123144,18.267,18.267,True
dmrg-gpu,tfim,100,50,,-126.961876739681,8.739,8.739,True
dmrg-gpu,tfim,100,128,,-126.961876739682,36.363,36.363,True
dmrg2-gpu,heisenberg,12,20,,-5.142090628178,0.856,0.856,True
dmrg2-gpu,heisenberg,12,50,,-5.142090632841,0.87,0.87,True
dmrg2-gpu,heisenberg,12,128,,-5.142090632841,0.867,0.867,True
dmrg2-gpu,heisenberg,20,20,,-8.68247291369,1.495,1.495,True
dmrg2-gpu,heisenberg,20,50,,-8.682473334379,1.883,1.883,True
dmrg2-gpu,heisenberg,20,128,,-8.682473334399,2.816,2.816,True
dmrg2-gpu,heisenberg,32,20,,-13.997308348754,2.899,2.899,True
dmrg2-gpu,heisenberg,32,50,,-13.997315615465,3.472,3.472,True
dmrg2-gpu,heisenberg,32,128,,-13.997315618224,6.212,6.212,True
dmrg2-gpu,heisenberg,64,50,,-28.175424537573,10.758,10.758,True
dmrg2-gpu,heisenberg,64,128,,-28.175424859649,24.213,24.213,True
dmrg2-gpu,heisenberg,100,50,,-44.127736911262,42.616,42.616,True
dmrg2-gpu,heisenberg,100,128,,-44.127739890682,55.879,55.879,True
dmrg2-gpu,josephson,8,20,,-2.84379771944,2.284,2.284,True
dmrg2-gpu,josephson,8,50,,-2.843801043139,1.802,1.802,True
dmrg2-gpu,josephson,8,128,,-2.843801043291,3.267,3.267,True
dmrg2-gpu,josephson,16,20,,-6.172477882336,19.505,19.505,True
dmrg2-gpu,josephson,16,50,,-6.172597097142,13.151,13.151,True
dmrg2-gpu,josephson,16,128,,-6.172597174056,30.467,30.467,True
dmrg2-gpu,josephson,32,50,,-12.840602436495,128.189,128.189,True
dmrg2-gpu,josephson,32,128,,-12.840606884494,112.617,112.617,True
dmrg2-gpu,josephson,48,50,,-19.510974191194,89.801,89.801,True
dmrg2-gpu,josephson,48,128,,-19.510999775783,794.219,794.219,True
dmrg2-gpu,josephson,64,50,,-26.181919838343,574.978,574.978,True
dmrg2-gpu,josephson,64,128,,-26.181992604485,794.734,794.734,True
dmrg2-gpu,tfim,12,20,,-14.925971109909,0.738,0.738,True
dmrg2-gpu,tfim,12,50,,-14.925971109909,0.746,0.746,True
dmrg2-gpu,tfim,12,128,,-14.925971109909,0.752,0.752,True
dmrg2-gpu,tfim,20,20,,-25.107797111624,1.203,1.203,True
dmrg2-gpu,tfim,20,50,,-25.107797111624,1.533,1.533,True
dmrg2-gpu,tfim,20,128,,-25.107797111624,3.109,3.109,True
dmrg2-gpu,tfim,32,20,,-40.384313161213,1.805,1.805,True
dmrg2-gpu,tfim,32,50,,-40.384313161219,3.615,3.615,True
dmrg2-gpu,tfim,32,128,,-40.384313161219,11.781,11.781,True
dmrg2-gpu,tfim,64,50,,-81.125980123146,8.721,8.721,True
dmrg2-gpu,tfim,64,128,,-81.125980123146,44.119,44.119,True
dmrg2-gpu,tfim,100,50,,-126.961876739687,17.974,17.974,True
dmrg2-gpu,tfim,100,128,,-126.961876739686,88.36,88.36,True
quimb-dmrg1,heisenberg,12,20,1,-5.142090628194675,0.163,0.8064298629760742,True
quimb-dmrg1,heisenberg,12,20,2,-5.142090628183108,0.165,0.8146181106567383,True
quimb-dmrg1,heisenberg,12,20,4,-5.142090628194246,0.163,0.8148560523986816,True
quimb-dmrg1,heisenberg,12,50,1,-5.142090632840532,0.132,0.7765157222747803,True
quimb-dmrg1,heisenberg,12,50,2,-5.142090632840527,0.128,0.7768459320068359,True
quimb-dmrg1,heisenberg,12,50,4,-5.14209063284054,0.14,0.7878901958465576,True
quimb-dmrg1,heisenberg,12,128,1,-5.142090632840535,0.221,0.8756814002990723,True
quimb-dmrg1,heisenberg,12,128,2,-5.142090632840528,0.174,0.83255934715271,True
quimb-dmrg1,heisenberg,12,128,4,-5.142090632840524,0.168,0.8267714977264404,True
quimb-dmrg1,heisenberg,20,20,1,-8.682472919089342,0.54,1.1863274574279785,True
quimb-dmrg1,heisenberg,20,20,2,-8.682472919083976,0.502,1.1547760963439941,True
quimb-dmrg1,heisenberg,20,20,4,-8.682472919085818,0.494,1.1460285186767578,True
quimb-dmrg1,heisenberg,20,50,1,-8.682473334377253,0.44,1.091158390045166,True
quimb-dmrg1,heisenberg,20,50,2,-8.682473334377194,0.457,1.113826036453247,True
quimb-dmrg1,heisenberg,20,50,4,-8.682473334376349,0.424,1.0793914794921875,True
quimb-dmrg1,heisenberg,20,128,1,-8.682473334398965,1.754,2.4267280101776123,True
quimb-dmrg1,heisenberg,20,128,2,-8.682473334398948,1.877,2.554053783416748,True
quimb-dmrg1,heisenberg,20,128,4,-8.68247333439894,1.378,2.0498859882354736,True
quimb-dmrg1,heisenberg,32,20,1,-13.997308480696626,1.041,1.6913771629333496,True
quimb-dmrg1,heisenberg,32,20,2,-13.997308480695496,0.843,1.4982659816741943,True
quimb-dmrg1,heisenberg,32,20,4,-13.997308480702346,0.964,1.6211726665496826,True
quimb-dmrg1,heisenberg,32,50,1,-13.997315615418154,1.333,1.9884376525878906,True
quimb-dmrg1,heisenberg,32,50,2,-13.997315615405675,1.238,1.8956832885742188,True
quimb-dmrg1,heisenberg,32,50,4,-13.997315615424979,1.198,1.8583645820617676,True
quimb-dmrg1,heisenberg,32,128,1,-13.99731561822409,6.278,6.965752124786377,True
quimb-dmrg1,heisenberg,32,128,2,-13.997315618224107,6.318,7.010040760040283,True
quimb-dmrg1,heisenberg,32,128,4,-13.997315618224107,4.554,5.241450786590576,True
quimb-dmrg1,heisenberg,64,50,1,-28.17542454282058,6.021,6.699663400650024,True
quimb-dmrg1,heisenberg,64,50,2,-28.175424542809864,5.044,5.727652549743652,True
quimb-dmrg1,heisenberg,64,50,4,-28.175424542228928,5.038,5.716651439666748,True
quimb-dmrg1,heisenberg,64,128,1,-28.175424859635122,26.204,26.94579005241394,True
quimb-dmrg1,heisenberg,64,128,2,-28.175424859638067,21.391,22.131438970565796,True
quimb-dmrg1,heisenberg,64,128,4,-28.17542485964406,19.853,20.5905601978302,True
quimb-dmrg1,heisenberg,100,50,1,-44.127736985478634,15.459,16.165534257888794,True
quimb-dmrg1,heisenberg,100,50,2,-44.12773698544665,13.195,13.898360967636108,True
quimb-dmrg1,heisenberg,100,50,4,-44.12773698545797,15.113,15.821046829223633,True
quimb-dmrg1,heisenberg,100,128,1,-44.127739890576585,48.515,49.322691202163696,True
quimb-dmrg1,heisenberg,100,128,2,-44.127739890582156,43.028,43.82469081878662,True
quimb-dmrg1,heisenberg,100,128,4,-44.127739890594526,39.908,40.70151424407959,True
quimb-dmrg1,josephson,8,20,1,-2.843797831672125,4.728,5.635552644729614,True
quimb-dmrg1,josephson,8,20,2,-2.84379784204649,0.846,1.4935801029205322,True
quimb-dmrg1,josephson,8,20,4,-2.843797838656397,0.813,1.4643280506134033,True
quimb-dmrg1,josephson,8,50,1,-2.843801043134384,0.716,1.366335153579712,True
quimb-dmrg1,josephson,8,50,2,-2.843801043134073,0.597,1.2507646083831787,True
quimb-dmrg1,josephson,8,50,4,-2.843801043134328,0.613,1.2653326988220215,True
quimb-dmrg1,josephson,8,128,1,-2.843801043291315,6.103,7.003314733505249,True
quimb-dmrg1,josephson,8,128,2,-2.843801043291313,4.092,4.773017406463623,True
quimb-dmrg1,josephson,8,128,4,-2.84380104329132,2.873,3.5501954555511475,True
quimb-dmrg1,josephson,16,20,1,-6.172484324350167,1.82,2.4708142280578613,True
quimb-dmrg1,josephson,16,20,2,-6.172484374150145,1.759,2.4174885749816895,True
quimb-dmrg1,josephson,16,20,4,-6.172484561208193,1.642,2.29893159866333,True
quimb-dmrg1,josephson,16,50,1,-6.172597099622068,4.445,5.1075475215911865,True
quimb-dmrg1,josephson,16,50,2,-6.172597099658805,3.771,4.438396692276001,True
quimb-dmrg1,josephson,16,50,4,-6.172597099597115,3.068,3.7344889640808105,True
quimb-dmrg1,josephson,16,128,1,-6.172597174053001,72.008,72.76257157325745,True
quimb-dmrg1,josephson,16,128,2,-6.172597174053763,42.228,42.95326066017151,True
quimb-dmrg1,josephson,16,128,4,-6.172597174055486,25.473,26.18691635131836,True
quimb-dmrg1,josephson,32,50,1,-12.840602772974538,21.604,22.29286551475525,True
quimb-dmrg1,josephson,32,50,2,-12.840602775551847,17.979,18.668812036514282,True
quimb-dmrg1,josephson,32,50,4,-12.840602776966104,16.383,17.072209358215332,True
quimb-dmrg1,josephson,32,128,1,-12.840606884638559,240.734,241.61046433448792,True
quimb-dmrg1,josephson,32,128,2,-12.840606884639747,143.8,144.61114358901978,True
quimb-dmrg1,josephson,32,128,4,-12.840606884636943,107.203,107.98223400115967,True
quimb-dmrg1,heisenberg,12,20,8,-5.142090628194964,0.195,0.8445770740509033,True
quimb-dmrg1,heisenberg,12,20,12,-5.14209062819375,0.169,0.8389947414398193,True
quimb-dmrg1,heisenberg,12,50,8,-5.142090632840528,0.129,0.7778332233428955,True
quimb-dmrg1,heisenberg,12,50,12,-5.142090632840529,0.136,0.8320314884185791,True
quimb-dmrg1,heisenberg,12,128,8,-5.142090632840528,1.345,2.0020365715026855,True
quimb-dmrg1,heisenberg,12,128,12,-5.14209063284054,1.947,2.6334068775177,True
quimb-dmrg1,heisenberg,20,20,8,-8.682472919079226,0.507,1.1590120792388916,True
quimb-dmrg1,heisenberg,20,20,12,-8.682472919067212,0.435,1.1141278743743896,True
quimb-dmrg1,heisenberg,20,50,8,-8.682473334375695,0.425,1.0770668983459473,True
quimb-dmrg1,heisenberg,20,50,12,-8.682473334376535,0.44,1.1156675815582275,True
quimb-dmrg1,heisenberg,20,128,8,-8.68247333439896,6.4,7.074803113937378,True
quimb-dmrg1,heisenberg,20,128,12,-8.682473334398958,11.099,11.797248840332031,True
quimb-dmrg1,heisenberg,32,20,8,-13.997308480703612,1.117,1.7728321552276611,True
quimb-dmrg1,heisenberg,32,20,12,-13.997308480711371,0.916,1.6006457805633545,True
quimb-dmrg1,heisenberg,32,50,8,-13.997315615414069,1.162,1.8161702156066895,True
quimb-dmrg1,heisenberg,32,50,12,-13.99731561538171,1.215,1.887538194656372,True
quimb-dmrg1,heisenberg,32,128,8,-13.997315618224155,20.964,21.650034189224243,True
quimb-dmrg1,heisenberg,32,128,12,-13.997315618224043,37.821,38.53171682357788,True
quimb-dmrg1,heisenberg,64,50,8,-28.175424542809733,5.348,6.026115417480469,True
quimb-dmrg1,heisenberg,64,50,12,-28.175424542464555,4.958,5.666363716125488,True
quimb-dmrg1,heisenberg,64,128,8,-28.17542485963844,75.131,75.8675684928894,True
quimb-dmrg1,heisenberg,64,128,12,-28.175424859644732,153.61,154.37088871002197,True
quimb-dmrg1,heisenberg,100,50,8,-44.12773698545006,10.66,11.363340616226196,True
quimb-dmrg1,heisenberg,100,50,12,-44.127736983946555,12.362,13.0929536819458,True
quimb-dmrg1,heisenberg,100,128,8,-44.12773989057983,165.8,166.59139728546143,True
quimb-dmrg1,heisenberg,100,128,12,-44.12773989058278,310.949,311.7621364593506,True
quimb-dmrg1,josephson,8,20,8,-2.843797843674532,5.306,5.95081639289856,True
quimb-dmrg1,josephson,8,20,12,-2.843797826436838,33.585,34.26043891906738,True
quimb-dmrg1,josephson,8,50,8,-2.843801043132821,24.701,25.35377264022827,True
quimb-dmrg1,josephson,8,50,12,-2.843801043135902,70.397,71.12917709350586,True
quimb-dmrg1,josephson,8,128,8,-2.843801043291333,27.881,28.609776258468628,True
quimb-dmrg1,josephson,8,128,12,-2.843801043291329,64.891,65.60931730270386,True
quimb-dmrg1,josephson,16,20,8,-6.172484171966194,8.255,8.911737442016602,True
quimb-dmrg1,josephson,16,20,12,-6.172484547907461,81.187,81.86566829681396,True
quimb-dmrg1,josephson,16,50,8,-6.172597099613006,134.248,134.91302013397217,True
quimb-dmrg1,josephson,16,50,12,-6.172597099731892,357.501,358.1899383068085,True
quimb-dmrg1,josephson,16,128,8,-6.172597174053832,212.985,213.69991517066956,True
quimb-dmrg1,josephson,16,128,12,-6.172597174055701,485.147,485.8893733024597,True
quimb-dmrg1,josephson,32,50,8,-12.840602776010115,572.862,573.5507040023804,True
quimb-dmrg1,josephson,32,50,12,-12.840602772358144,1523.958,1524.6858613491058,True
quimb-dmrg1,josephson,32,128,8,-12.840606884638456,727.706,728.5176973342896,True
quimb-dmrg1,josephson,32,128,12,None,None,1800,False
quimb-dmrg1,josephson,48,50,1,-19.510976048704645,53.313,54.72856402397156,True
quimb-dmrg1,josephson,48,50,2,-19.510976058785893,52.738,54.21040630340576,True
quimb-dmrg1,josephson,48,50,4,-19.510976042898264,30.285,30.9983127117157,True
quimb-dmrg1,josephson,48,50,8,-19.51097608482799,1024.975,1025.6893193721771,True
quimb-dmrg1,josephson,48,50,12,None,None,1800,False
quimb-dmrg1,josephson,48,128,1,-19.510999778174437,627.564,629.0428712368011,True
quimb-dmrg1,josephson,48,128,2,-19.5109997782062,362.869,364.9172604084015,True
quimb-dmrg1,josephson,48,128,4,-19.51099977818388,171.932,172.7737808227539,True
quimb-dmrg1,josephson,48,128,8,-19.510999778109515,1214.542,1215.447147846222,True
quimb-dmrg1,josephson,64,50,1,-26.181925097742738,52.647,53.38775157928467,True
quimb-dmrg1,josephson,64,50,2,-26.181925019261307,43.909,44.64387607574463,True
quimb-dmrg1,josephson,64,50,4,-26.181925105375576,40.879,41.619481801986694,True
quimb-dmrg1,josephson,64,50,8,-26.181924981293136,1314.796,1315.5355389118195,True
quimb-dmrg1,josephson,64,128,1,-26.181992616791433,609.291,610.4092819690704,True
quimb-dmrg1,josephson,64,128,2,-26.181992616817393,408.208,409.18710923194885,True
quimb-dmrg1,josephson,64,128,4,-26.181992616784754,299.875,300.7854313850403,True
quimb-dmrg1,josephson,64,128,8,None,None,1800,False
quimb-dmrg2,heisenberg,12,20,1,-5.142090628178154,0.148,1.222231388092041,True
quimb-dmrg2,heisenberg,12,20,2,-5.142090628178136,0.186,1.3052287101745605,True
quimb-dmrg2,heisenberg,12,20,4,-5.142090628178136,0.184,1.1008474826812744,True
quimb-dmrg2,heisenberg,12,20,8,-5.142090628178125,0.604,1.444152593612671,True
quimb-dmrg2,heisenberg,12,20,12,-5.142090628178139,0.409,1.402475118637085,True
quimb-dmrg2,heisenberg,12,50,1,-5.142090632836475,0.155,1.059523344039917,True
quimb-dmrg2,heisenberg,12,50,2,-5.142090632836466,0.512,1.2862327098846436,True
quimb-dmrg2,heisenberg,12,50,4,-5.142090632836472,0.173,1.2031800746917725,True
quimb-dmrg2,heisenberg,12,50,8,-5.142090632836471,1.019,2.1305580139160156,True
quimb-dmrg2,heisenberg,12,50,12,-5.142090632836479,1.427,2.603726387023926,True
quimb-dmrg2,heisenberg,12,128,1,-5.142090632836481,0.164,0.9903271198272705,True
quimb-dmrg2,heisenberg,12,128,2,-5.142090632836455,0.207,1.0482676029205322,True
quimb-dmrg2,heisenberg,12,128,4,-5.142090632836473,2.086,3.1571388244628906,True
quimb-dmrg2,heisenberg,12,128,8,-5.142090632836473,1.613,2.598118305206299,True
quimb-dmrg2,heisenberg,12,128,12,-5.142090632836459,18.821,20.873210668563843,True
quimb-dmrg2,heisenberg,20,20,1,-8.682472913801623,0.28,1.1220462322235107,True
quimb-dmrg2,heisenberg,20,20,2,-8.682472913801506,0.395,1.4397714138031006,True
quimb-dmrg2,heisenberg,20,20,4,-8.682472913801524,0.633,1.4498255252838135,True
quimb-dmrg2,heisenberg,20,20,8,-8.682472913801508,0.926,2.164728879928589,True
quimb-dmrg2,heisenberg,20,20,12,-8.682472913801655,0.579,1.5594329833984375,True
quimb-dmrg2,heisenberg,20,50,1,-8.682473334361921,0.64,1.4348835945129395,True
quimb-dmrg2,heisenberg,20,50,2,-8.682473334361973,1.215,2.0685973167419434,True
quimb-dmrg2,heisenberg,20,50,4,-8.682473334361962,4.634,5.356860160827637,True
quimb-dmrg2,heisenberg,20,50,8,-8.682473334361966,14.329,15.20250654220581,True
quimb-dmrg2,heisenberg,20,50,12,-8.682473334361914,37.61,39.037675619125366,True
quimb-dmrg2,heisenberg,20,128,1,-8.682473334363126,6.583,7.66789436340332,True
quimb-dmrg2,heisenberg,20,128,2,-8.682473334363182,3.254,4.815854072570801,True
quimb-dmrg2,heisenberg,20,128,4,-8.68247333436324,7.217,8.275797128677368,True
quimb-dmrg2,heisenberg,20,128,8,-8.682473334363209,53.227,54.45810317993164,True
quimb-dmrg2,heisenberg,20,128,12,-8.682473334363314,179.041,181.57809114456177,True
quimb-dmrg2,heisenberg,32,20,1,-13.997308356322677,0.772,1.693984031677246,True
quimb-dmrg2,heisenberg,32,20,2,-13.997308356323083,1.012,2.004053831100464,True
quimb-dmrg2,heisenberg,32,20,4,-13.997308356324186,1.724,2.9825310707092285,True
quimb-dmrg2,heisenberg,32,20,8,-13.99730835632425,1.87,2.769915819168091,True
quimb-dmrg2,heisenberg,32,20,12,-13.997308356324265,1.349,2.411189079284668,True
quimb-dmrg2,heisenberg,32,50,1,-13.997315615456964,1.844,2.9072341918945312,True
quimb-dmrg2,heisenberg,32,50,2,-13.997315615456888,2.012,3.2292721271514893,True
quimb-dmrg2,heisenberg,32,50,4,-13.997315615456861,4.389,5.095158338546753,True
quimb-dmrg2,heisenberg,32,50,8,-13.997315615456866,42.968,43.758044719696045,True
quimb-dmrg2,heisenberg,32,50,12,-13.997315615456888,150.171,151.18670010566711,True
quimb-dmrg2,heisenberg,32,128,1,-13.99731561814478,14.306,15.23608660697937,True
quimb-dmrg2,heisenberg,32,128,2,-13.997315618144743,15.71,16.585340976715088,True
quimb-dmrg2,heisenberg,32,128,4,-13.997315618144714,34.606,35.43068790435791,True
quimb-dmrg2,heisenberg,32,128,8,-13.997315618144777,186.661,188.69739174842834,True
quimb-dmrg2,heisenberg,32,128,12,-13.997315618144546,813.31,817.7296087741852,True
quimb-dmrg2,heisenberg,64,50,1,-28.175424537839653,5.767,6.701329231262207,True
quimb-dmrg2,heisenberg,64,50,2,-28.175424537839785,4.881,5.909392595291138,True
quimb-dmrg2,heisenberg,64,50,4,-28.17542453784054,4.375,5.050918817520142,True
quimb-dmrg2,heisenberg,64,50,8,-28.1754245378385,23.714,24.390535831451416,True
quimb-dmrg2,heisenberg,64,50,12,-28.175424537836964,54.306,55.00969362258911,True
quimb-dmrg2,heisenberg,64,128,1,-28.175424859530008,52.042,52.802162170410156,True
quimb-dmrg2,heisenberg,64,128,2,-28.1754248595297,42.375,43.134217500686646,True
quimb-dmrg2,heisenberg,64,128,4,-28.1754248595299,36.932,37.68840670585632,True
quimb-dmrg2,heisenberg,64,128,8,-28.175424859528988,75.301,76.05610370635986,True
quimb-dmrg2,heisenberg,64,128,12,-28.175424859529546,129.986,130.76722860336304,True
quimb-dmrg2,heisenberg,100,50,1,-44.127736916284015,7.803,8.499416589736938,True
quimb-dmrg2,heisenberg,100,50,2,-44.127736914292704,11.014,11.7161226272583,True
quimb-dmrg2,heisenberg,100,50,4,-44.1277369143131,8.826,9.528140306472778,True
quimb-dmrg2,heisenberg,100,50,8,-44.127736914293415,57.788,58.49209666252136,True
quimb-dmrg2,heisenberg,100,50,12,-44.12773691428788,112.185,112.90436100959778,True
quimb-dmrg2,heisenberg,100,128,1,-44.12773989058008,100.953,101.7751293182373,True
quimb-dmrg2,heisenberg,100,128,2,-44.12773989058093,85.301,86.1188063621521,True
quimb-dmrg2,heisenberg,100,128,4,-44.127739890579896,74.872,75.68273591995239,True
quimb-dmrg2,heisenberg,100,128,8,-44.127739890580216,151.709,152.52161955833435,True
quimb-dmrg2,heisenberg,100,128,12,-44.12773989058081,317.58,318.4168429374695,True
quimb-dmrg2,josephson,8,20,1,-2.843797732723053,0.694,1.3396384716033936,True
quimb-dmrg2,josephson,8,20,2,-2.843797732680596,0.774,1.4227216243743896,True
quimb-dmrg2,josephson,8,20,4,-2.843797732694411,0.665,1.3141062259674072,True
quimb-dmrg2,josephson,8,20,8,-2.843797732760458,20.023,20.689115524291992,True
quimb-dmrg2,josephson,8,20,12,-2.843797732689679,68.379,69.05647325515747,True
quimb-dmrg2,josephson,8,50,1,-2.843801043138978,2.734,3.3836495876312256,True
quimb-dmrg2,josephson,8,50,2,-2.843801043139094,2.688,3.339317798614502,True
quimb-dmrg2,josephson,8,50,4,-2.84380104313887,2.524,3.177619457244873,True
quimb-dmrg2,josephson,8,50,8,-2.843801043139074,31.45,32.15403604507446,True
quimb-dmrg2,josephson,8,50,12,-2.843801043139078,69.969,70.65568375587463,True
quimb-dmrg2,josephson,8,128,1,-2.843801043272617,15.135,15.823689460754395,True
quimb-dmrg2,josephson,8,128,2,-2.843801043272593,7.496,8.18195366859436,True
quimb-dmrg2,josephson,8,128,4,-2.84380104327261,5.842,6.521869421005249,True
quimb-dmrg2,josephson,8,128,8,-2.843801043272577,35.154,35.899600982666016,True
quimb-dmrg2,josephson,8,128,12,-2.843801043272624,78.625,79.40035152435303,True
quimb-dmrg2,josephson,16,20,1,-6.172478696828258,4.387,5.037672996520996,True
quimb-dmrg2,josephson,16,20,2,-6.172478696848893,3.483,4.1381916999816895,True
quimb-dmrg2,josephson,16,20,4,-6.172478696848689,2.876,3.534524440765381,True
quimb-dmrg2,josephson,16,20,8,-6.172474050302245,121.971,122.62913608551025,True
quimb-dmrg2,josephson,16,20,12,-6.172478696812036,323.319,323.99264788627625,True
quimb-dmrg2,josephson,16,50,1,-6.172597097461932,27.534,28.198309421539307,True
quimb-dmrg2,josephson,16,50,2,-6.172597097437926,21.274,21.94008445739746,True
quimb-dmrg2,josephson,16,50,4,-6.172597097443019,15.654,16.324510097503662,True
quimb-dmrg2,josephson,16,50,8,-6.172597097424996,182.835,183.50221753120422,True
quimb-dmrg2,josephson,16,50,12,-6.172597097463973,408.018,408.7194652557373,True
quimb-dmrg2,josephson,16,128,1,-6.172597174004012,386.895,387.657422542572,True
quimb-dmrg2,josephson,16,128,2,-6.172597174003937,299.3,300.0318031311035,True
quimb-dmrg2,josephson,16,128,4,-6.172597174004975,227.375,228.0961139202118,True
quimb-dmrg2,josephson,16,128,8,-6.172597174003942,496.901,497.68417286872864,True
quimb-dmrg2,josephson,16,128,12,-6.172597174003862,730.817,731.6503131389618,True
quimb-dmrg2,josephson,32,50,1,-12.840602471789682,103.715,104.40476369857788,True
quimb-dmrg2,josephson,32,50,2,-12.840602471766186,79.016,79.70790672302246,True
quimb-dmrg2,josephson,32,50,4,-12.840602471772659,58.999,59.69090008735657,True
quimb-dmrg2,josephson,32,50,8,-12.840602471520171,541.436,542.1301321983337,True
quimb-dmrg2,josephson,32,50,12,-12.84060247155769,1325.74,1326.504502773285,True
quimb-dmrg2,josephson,32,128,1,None,None,1800,False
quimb-dmrg2,josephson,32,128,2,-12.840606884487958,1074.165,1075.0119502544403,True
quimb-dmrg2,josephson,32,128,4,-12.840606884484071,891.11,891.8997786045074,True
quimb-dmrg2,josephson,32,128,8,-12.84060688448617,1546.998,1547.8566954135895,True
quimb-dmrg2,josephson,32,128,12,None,None,1800,False
quimb-dmrg2,josephson,48,50,1,-19.510974541888086,462.017,463.06748032569885,True
quimb-dmrg2,josephson,48,50,2,-19.51097454287002,358.993,360.5051875114441,True
quimb-dmrg2,josephson,48,50,4,-19.510974541347835,1316.529,1317.7047345638275,True
quimb-dmrg2,josephson,48,50,8,None,None,1800,False
quimb-dmrg2,josephson,48,50,12,None,None,1800,False
quimb-dmrg2,josephson,48,128,2,None,None,1800,False
quimb-dmrg2,josephson,48,128,4,None,None,1800,False
quimb-dmrg2,josephson,48,128,8,None,None,1800,False
quimb-dmrg2,josephson,64,50,1,-26.181921006238138,1284.626,1287.3756637573242,True
quimb-dmrg2,josephson,64,50,2,None,None,1800,False
quimb-dmrg2,josephson,64,50,4,None,None,1800,False
pdmrg,heisenberg,12,20,2,-5.142090628178147,1.738,5.475320339202881,True
pdmrg,heisenberg,12,20,4,-5.142090628178142,2.222,6.272804498672485,True
pdmrg,heisenberg,12,50,2,-5.142090632840506,1.632,5.5128161907196045,True
pdmrg,heisenberg,12,50,4,-5.142090632840508,1.76,5.889221906661987,True
pdmrg,heisenberg,12,128,2,-5.142090632840505,1.742,5.388776779174805,True
pdmrg,heisenberg,12,128,4,-5.142090632840493,1.858,5.72465181350708,True
pdmrg,heisenberg,20,20,2,None,None,1800,False
pdmrg,heisenberg,20,20,4,None,None,1800,False
pdmrg,heisenberg,20,20,8,None,None,1800,False
pdmrg,heisenberg,20,50,2,-8.682473334379244,5.64,9.758816480636597,True
pdmrg,heisenberg,20,50,4,-8.682473334379242,6.351,10.404979944229126,True
pdmrg,heisenberg,20,50,8,-8.682473334379234,6.293,10.924914121627808,True
pdmrg,heisenberg,20,128,2,-8.682473334398557,18.099,21.989089012145996,True
pdmrg,heisenberg,20,128,4,-8.682473334398546,23.836,27.77271604537964,True
pdmrg,heisenberg,20,128,8,-8.682473334398516,27.502,31.921188831329346,True
pdmrg,heisenberg,32,50,2,-13.997315615465082,16.064,20.11287569999695,True
pdmrg,heisenberg,32,50,4,-13.99731561546496,16.454,20.357285499572754,True
pdmrg,heisenberg,32,50,8,-13.997315615464997,16.222,20.856622219085693,True
pdmrg,heisenberg,32,128,2,-13.997315618223455,64.084,68.3089656829834,True
pdmrg,heisenberg,32,128,4,-13.997315618223405,75.894,80.0962085723877,True
pdmrg,heisenberg,32,128,8,-13.99731561822345,71.432,75.7928581237793,True
pdmrg,heisenberg,64,50,2,-28.175424537841348,58.061,61.93320417404175,True
pdmrg,heisenberg,64,50,4,-28.175424537841497,46.868,50.98869299888611,True
pdmrg,heisenberg,64,50,8,-28.175424537841376,45.043,49.905274868011475,True
pdmrg,heisenberg,64,128,2,-28.1754248596477,254.675,259.0008101463318,True
pdmrg,heisenberg,64,128,4,-28.17542485964778,246.783,250.89266872406006,True
pdmrg,heisenberg,64,128,8,-28.175424859647762,230.949,235.1527829170227,True
pdmrg,heisenberg,100,50,2,-44.12773691430235,134.189,137.9769127368927,True
pdmrg,heisenberg,100,50,4,-44.12773691430489,128.22,132.6287863254547,True
pdmrg,heisenberg,100,50,8,-44.127736914293216,161.07,166.36872720718384,True
pdmrg,heisenberg,100,128,2,-44.12773989068168,594.789,599.1838698387146,True
pdmrg,heisenberg,100,128,4,-44.12773989068125,476.216,480.11335706710815,True
pdmrg,heisenberg,100,128,8,-44.12773989068168,427.697,431.9728138446808,True
pdmrg,josephson,8,20,2,-2.843797732699204,8.414,12.264748811721802,True
pdmrg,josephson,8,20,4,-2.843797732699209,11.012,15.184864044189453,True
pdmrg,josephson,8,50,2,-2.84380104313908,21.146,24.788782835006714,True
pdmrg,josephson,8,50,4,-2.84380104313908,29.724,33.824602365493774,True
pdmrg,josephson,8,128,2,-2.843801043291155,72.375,76.1406638622284,True
pdmrg,josephson,8,128,4,-2.843801043291153,110.62,114.7808403968811,True
pdmrg,josephson,16,20,2,-6.172474045360835,74.938,78.47673535346985,True
pdmrg,josephson,16,20,4,-6.172474045309279,51.476,55.31689381599426,True
pdmrg,josephson,16,20,8,-6.172474045290491,45.354,49.776691198349,True
pdmrg,josephson,16,50,2,-6.172597097471078,156.647,160.4078347682953,True
pdmrg,josephson,16,50,4,-6.172597097471307,169.069,173.01206874847412,True
pdmrg,josephson,16,50,8,-6.172597097471368,152.322,156.76490306854248,True
pdmrg,josephson,16,128,2,-6.17259717405588,924.813,928.5325012207031,True
pdmrg,josephson,16,128,4,-6.172597174055861,1199.57,1203.4924201965332,True
pdmrg,josephson,16,128,8,-6.172597174055907,1225.664,1229.7247762680054,True
pdmrg,josephson,32,50,2,-12.840602471707045,1012.922,1016.5761685371399,True
pdmrg,josephson,32,50,4,-12.840602471728985,986.574,990.340838432312,True
pdmrg,josephson,32,50,8,-12.84060247124981,969.349,973.4766881465912,True
pdmrg,josephson,32,128,2,None,None,1800,False
pdmrg,josephson,32,128,4,None,None,1800,False
pdmrg,josephson,32,128,8,None,None,1800,False
pdmrg,josephson,48,50,2,None,None,1800,False
pdmrg,josephson,48,50,4,None,None,1800,False
pdmrg-opt,heisenberg,12,20,2,-5.142090628178126,0.622,1.6732726097106934,True
pdmrg-opt,heisenberg,12,20,4,-5.142090628178134,0.75,1.8530077934265137,True
pdmrg-opt,heisenberg,12,50,2,-5.1420906328405,0.636,1.6879045963287354,True
pdmrg-opt,heisenberg,12,50,4,-5.142090632840506,0.78,1.8812062740325928,True
pdmrg-opt,heisenberg,12,128,2,-5.142090632840496,0.695,1.7599127292633057,True
pdmrg-opt,heisenberg,12,128,4,-5.142090632840493,0.807,1.9250335693359375,True
pdmrg-opt,heisenberg,20,20,2,None,None,1800,False
pdmrg-opt,josephson,8,20,2,-2.843797732699085,11.796,13.515651941299438,True
pdmrg-opt,josephson,8,20,4,-2.843797732699206,9.986,11.14042067527771,True
pdmrg-opt,josephson,8,50,2,-2.843801043139083,29.426,31.15596652030945,True
pdmrg-opt,josephson,8,50,4,-2.843801043139081,19.035,20.156431913375854,True
pdmrg-opt,josephson,8,128,2,-2.843801043291146,95.114,96.83676528930664,True
pdmrg-opt,josephson,8,128,4,-2.843801043291141,71.795,72.94419765472412,True
pdmrg-opt,josephson,16,20,2,-6.172478697007284,156.352,158.08479738235474,True
pdmrg-opt,josephson,16,20,4,-6.172478697018233,30.669,31.78408932685852,True
pdmrg-opt,josephson,16,20,8,-6.172478697020161,61.651,62.87240552902222,True
pdmrg-opt,josephson,16,50,2,-6.17259709747106,234.781,236.508385181427,True
pdmrg-opt,josephson,16,50,4,-6.172597097471166,134.146,135.25682640075684,True
pdmrg-opt,josephson,16,50,8,-6.172597097471192,171.479,172.69614505767822,True
pdmrg-opt,josephson,16,128,2,None,None,1800,False
pdmrg-opt,josephson,32,50,2,-12.840602471813305,1797.178,1799.564068555832,True
pdmrg-opt,josephson,32,50,4,-12.840602471851438,1238.618,1239.7283318042755,True
pdmrg-opt,josephson,32,50,8,-12.840602471818215,526.695,527.9161412715912,True
pdmrg-opt,josephson,48,50,2,None,None,1800,False
pdmrg,heisenberg,12,20,1,-5.142090628178151,6.931,14.899515628814697,True
pdmrg,heisenberg,12,20,2,-5.142090628178144,0.403,1.4549851417541504,True
pdmrg,heisenberg,12,20,4,-5.142090628178121,0.404,1.4553229808807373,True
pdmrg,heisenberg,12,20,1,-5.142090628178147,0.399,1.4954016208648682,True
pdmrg,heisenberg,12,20,2,-5.142090628178138,0.397,1.5073521137237549,True
pdmrg,heisenberg,12,50,1,-5.142090632840515,0.383,1.443124532699585,True
pdmrg,heisenberg,12,50,2,-5.1420906328405,0.383,1.4356086254119873,True
pdmrg,heisenberg,12,50,4,-5.142090632840489,0.384,1.4395735263824463,True
pdmrg,heisenberg,12,50,1,-5.142090632840492,0.41,1.5110697746276855,True
pdmrg,heisenberg,12,50,2,-5.142090632840501,0.41,1.5594573020935059,True
pdmrg,heisenberg,12,128,1,-5.142090632840491,0.391,1.4550414085388184,True
pdmrg,heisenberg,12,128,2,-5.142090632840508,0.388,1.4475553035736084,True
pdmrg,heisenberg,12,128,4,-5.142090632840508,0.385,1.451265811920166,True
pdmrg,heisenberg,12,128,1,-5.142090632840503,0.41,1.5270745754241943,True
pdmrg,heisenberg,12,128,2,-5.1420906328405,0.41,1.5192131996154785,True
pdmrg,josephson,8,20,1,-2.843797732699207,9.144,10.303013801574707,True
pdmrg,josephson,8,20,2,-2.843797732699214,2.156,3.2154672145843506,True
pdmrg,josephson,8,20,4,-2.843797732699206,2.184,3.235123634338379,True
pdmrg,josephson,8,20,1,-2.843797732699208,2.519,3.623540163040161,True
pdmrg,josephson,8,20,2,-2.843797732699213,2.072,3.1832504272460938,True
pdmrg,josephson,8,50,1,-2.843801043139075,5.288,6.3467230796813965,True
pdmrg,josephson,8,50,2,-2.84380104313909,5.254,6.311641693115234,True
pdmrg,josephson,8,50,4,-2.843801043139069,5.251,6.3067028522491455,True
pdmrg,josephson,8,50,1,-2.843801043139078,6.897,8.00362491607666,True
pdmrg,josephson,8,50,2,-2.843801043139083,5.382,6.490951299667358,True
pdmrg,josephson,8,128,1,-2.843801043291154,21.166,22.23092222213745,True
pdmrg,josephson,8,128,2,-2.84380104329115,21.37,22.419025897979736,True
pdmrg,josephson,8,128,4,-2.843801043291152,21.383,22.438936948776245,True
pdmrg,josephson,8,128,1,-2.84380104329116,26.434,27.543219089508057,True
pdmrg,josephson,8,128,2,-2.843801043291151,18.258,19.36733102798462,True
pdmrg,josephson,16,20,1,-6.172474045280789,16.53,17.59109377861023,True
pdmrg,josephson,16,20,2,-6.172474045296608,18.119,19.170659065246582,True
pdmrg,josephson,16,20,4,-6.172474045320607,18.959,20.011049509048462,True
pdmrg,josephson,16,20,1,-6.172474045276913,12.623,13.719063997268677,True
pdmrg,josephson,16,20,2,-6.172474045327899,10.7,11.802829027175903,True
pdmrg,josephson,16,20,1,-6.172474045288965,10.212,11.383176565170288,True
pdmrg,josephson,16,50,1,-6.172597097470927,40.931,41.99484086036682,True
pdmrg,josephson,16,50,2,-6.172597097471033,42.128,43.18700385093689,True
pdmrg,josephson,16,50,4,-6.172597097470753,40.059,41.11481070518494,True
pdmrg,josephson,16,50,1,-6.172597097471376,41.598,42.69545245170593,True
pdmrg,josephson,16,50,2,-6.172597097471341,31.056,32.15832042694092,True
pdmrg,josephson,16,50,1,-6.172597097471407,37.553,38.73509168624878,True
pdmrg,josephson,16,128,1,-6.172597174055864,264.534,265.59546518325806,True
pdmrg,josephson,16,128,2,-6.172597174055861,255.961,257.0270013809204,True
pdmrg,josephson,16,128,4,-6.172597174055885,254.499,255.55483746528625,True
pdmrg,josephson,16,128,1,-6.172597174055864,314.701,315.8102948665619,True
pdmrg,josephson,16,128,2,-6.17259717405587,216.038,217.15892052650452,True
pdmrg,josephson,16,128,1,-6.172597174055937,321.854,323.0472140312195,True
pdmrg,josephson,32,50,1,-12.840602471837286,640.851,641.902824640274,True
pdmrg,josephson,32,50,2,-12.840602471806909,561.894,562.9558591842651,True
pdmrg,josephson,32,50,4,-12.84060247183776,615.637,616.6954052448273,True
pdmrg,josephson,32,50,1,-12.840602471842043,267.174,268.28400778770447,True
pdmrg,josephson,32,50,2,-12.840602471837721,234.228,235.3356854915619,True
pdmrg,josephson,32,50,1,-12.840602471761716,266.972,268.14838004112244,True
pdmrg-opt,heisenberg,12,20,1,-5.142090628178142,0.626,1.683089256286621,True
pdmrg-opt,heisenberg,12,20,2,-5.14209062817814,0.627,1.6835451126098633,True
pdmrg-opt,heisenberg,12,20,4,-5.142090628178132,0.625,1.6718311309814453,True
pdmrg-opt,heisenberg,12,20,1,-5.142090628178133,0.748,1.859914779663086,True
pdmrg-opt,heisenberg,12,20,2,-5.142090628178131,0.751,1.859997034072876,True
pdmrg-opt,heisenberg,12,50,1,-5.142090632840515,0.643,1.7035458087921143,True
pdmrg-opt,heisenberg,12,50,2,-5.142090632840513,0.654,1.7117388248443604,True
pdmrg-opt,heisenberg,12,50,4,-5.142090632840486,0.65,1.6957380771636963,True
pdmrg-opt,heisenberg,12,50,1,-5.142090632840506,0.773,1.8758151531219482,True
pdmrg-opt,heisenberg,12,50,2,-5.142090632840502,0.764,1.8757145404815674,True
pdmrg-opt,heisenberg,12,128,1,-5.142090632840488,0.709,1.763733148574829,True
pdmrg-opt,heisenberg,12,128,2,-5.142090632840495,0.712,1.7556421756744385,True
pdmrg-opt,heisenberg,12,128,4,-5.14209063284051,0.701,1.7560675144195557,True
pdmrg-opt,heisenberg,12,128,1,-5.142090632840508,0.813,1.9074273109436035,True
pdmrg-opt,heisenberg,12,128,2,-5.142090632840495,0.781,1.8876240253448486,True
pdmrg-opt,josephson,8,20,1,-2.8437977326992,7.272,8.331108093261719,True
pdmrg-opt,josephson,8,20,2,-2.843797732699011,7.296,8.344021797180176,True
pdmrg-opt,josephson,8,20,4,-2.843797732699146,7.351,8.416013717651367,True
pdmrg-opt,josephson,8,20,1,-2.843797732699199,8.852,9.959293127059937,True
pdmrg-opt,josephson,8,20,2,-2.843797732699211,9.638,10.751488447189331,True
pdmrg-opt,josephson,8,50,1,-2.843801043139079,19.642,20.70384931564331,True
pdmrg-opt,josephson,8,50,2,-2.843801043139079,19.726,20.783085346221924,True
pdmrg-opt,josephson,8,50,4,-2.843801043139061,19.658,20.728038549423218,True
pdmrg-opt,josephson,8,50,1,-2.843801043139078,19.066,20.167161464691162,True
pdmrg-opt,josephson,8,50,2,-2.843801043139076,15.88,16.9953453540802,True
pdmrg-opt,josephson,8,128,1,-2.843801043291131,73.863,74.92728662490845,True
pdmrg-opt,josephson,8,128,2,-2.843801043291153,74.068,75.1275475025177,True
pdmrg-opt,josephson,8,128,4,-2.843801043291153,74.4,75.45952296257019,True
pdmrg-opt,josephson,8,128,1,-2.843801043291152,72.737,73.84359002113342,True
pdmrg-opt,josephson,8,128,2,-2.843801043291143,56.508,57.62758779525757,True
pdmrg-opt,josephson,16,20,1,-6.172478697018394,140.842,141.89110589027405,True
pdmrg-opt,josephson,16,20,2,-6.172478697018181,141.618,142.67209315299988,True
pdmrg-opt,josephson,16,20,4,-6.172478696913857,46.865,47.914955139160156,True
pdmrg-opt,josephson,16,20,1,-6.172478697019992,78.575,79.68335294723511,True
pdmrg-opt,josephson,16,20,2,-6.172478697019928,86.287,87.39150857925415,True
pdmrg-opt,josephson,16,20,1,-6.172478697018103,63.947,65.12346243858337,True
pdmrg-opt,josephson,16,50,1,-6.172597097471106,132.427,133.4790997505188,True
pdmrg-opt,josephson,16,50,2,-6.172597097471167,133.304,134.35940980911255,True
pdmrg-opt,josephson,16,50,4,-6.172597097471142,138.757,139.815589427948,True
pdmrg-opt,josephson,16,50,1,-6.172597097470748,134.133,135.24363732337952,True
pdmrg-opt,josephson,16,50,2,-6.172597097471121,113.752,114.85500383377075,True
pdmrg-opt,josephson,16,50,1,-6.172597097471181,157.778,158.97911930084229,True
pdmrg-opt,josephson,32,50,1,-12.840602471822697,679.689,680.7513854503632,True
pdmrg-opt,josephson,32,50,2,-12.840602471823777,1143.344,1144.4078886508942,True
pdmrg-opt,josephson,32,50,4,-12.840602471824875,520.41,521.4751672744751,True
quimb-dmrg1,tfim,12,20,1,-14.925971109908687,0.118,0.7656660079956055,True
quimb-dmrg1,tfim,12,20,2,-14.925971109908668,0.143,0.7926619052886963,True
quimb-dmrg1,tfim,12,20,4,-14.92597110990865,0.116,0.7673110961914062,True
quimb-dmrg1,tfim,12,50,1,-14.925971109908648,0.129,0.7756919860839844,True
quimb-dmrg1,tfim,12,50,2,-14.92597110990865,0.125,0.7762861251831055,True
quimb-dmrg1,tfim,12,50,4,-14.925971109908666,0.135,0.7847373485565186,True
quimb-dmrg1,tfim,12,128,1,-14.925971109908637,0.2,0.8564503192901611,True
quimb-dmrg1,tfim,12,128,2,-14.925971109908673,0.173,0.8305225372314453,True
quimb-dmrg1,tfim,12,128,4,-14.925971109908659,0.219,0.8775131702423096,True
quimb-dmrg1,tfim,20,20,1,-25.107797111623743,0.261,0.9098498821258545,True
quimb-dmrg1,tfim,20,20,2,-25.1077971116236,0.228,0.8834679126739502,True
quimb-dmrg1,tfim,20,20,4,-25.107797111623647,0.233,0.8901171684265137,True
quimb-dmrg1,tfim,20,50,1,-25.10779711162376,0.388,1.0424067974090576,True
quimb-dmrg1,tfim,20,50,2,-25.107797111623793,0.417,1.0728158950805664,True
quimb-dmrg1,tfim,20,50,4,-25.10779711162376,0.373,1.029615879058838,True
quimb-dmrg1,tfim,20,128,1,-25.10779711162374,1.736,2.408311367034912,True
quimb-dmrg1,tfim,20,128,2,-25.1077971116237,1.459,2.1325535774230957,True
quimb-dmrg1,tfim,20,128,4,-25.107797111623512,1.274,1.9496564865112305,True
quimb-dmrg1,tfim,32,20,1,-40.384313161203906,0.494,1.1438043117523193,True
quimb-dmrg1,tfim,32,20,2,-40.38431316121001,0.549,1.2056951522827148,True
quimb-dmrg1,tfim,32,20,4,-40.384313161207785,0.479,1.1351993083953857,True
quimb-dmrg1,tfim,32,50,1,-40.38431316121856,0.986,1.6403465270996094,True
quimb-dmrg1,tfim,32,50,2,-40.3843131612184,1.107,1.7680222988128662,True
quimb-dmrg1,tfim,32,50,4,-40.38431316121842,1.051,1.7093052864074707,True
quimb-dmrg1,tfim,32,128,1,-40.384313161217094,6.129,6.825364589691162,True
quimb-dmrg1,tfim,32,128,2,-40.384313161218,6.621,7.312138557434082,True
quimb-dmrg1,tfim,32,128,4,-40.384313161216994,5.123,5.814377546310425,True
quimb-dmrg1,tfim,64,50,1,-81.12598012314254,3.309,3.9850921630859375,True
quimb-dmrg1,tfim,64,50,2,-81.1259801231424,3.316,3.9959797859191895,True
quimb-dmrg1,tfim,64,50,4,-81.12598012314106,3.292,3.971949577331543,True
quimb-dmrg1,tfim,64,128,1,-81.12598012313805,24.425,25.168636083602905,True
quimb-dmrg1,tfim,64,128,2,-81.12598012314002,22.218,22.95821499824524,True
quimb-dmrg1,tfim,64,128,4,-81.12598012314005,21.372,22.110724687576294,True
quimb-dmrg1,tfim,100,50,1,-126.9618767396785,7.18,7.880693197250366,True
quimb-dmrg1,tfim,100,50,2,-126.96187673967796,6.957,7.659501075744629,True
quimb-dmrg1,tfim,100,50,4,-126.96187673967593,7.075,7.774260520935059,True
quimb-dmrg1,tfim,100,128,1,-126.96187673965876,45.629,46.43920636177063,True
quimb-dmrg1,tfim,100,128,2,-126.96187673966551,42.13,42.93011450767517,True
quimb-dmrg1,tfim,100,128,4,-126.96187673965858,40.015,40.8091242313385,True
quimb-dmrg2,tfim,12,20,1,-14.925971109896437,0.145,0.7952954769134521,True
quimb-dmrg2,tfim,12,20,2,-14.925971109896436,0.14,0.7917051315307617,True
quimb-dmrg2,tfim,12,20,4,-14.925971109896402,0.145,0.7987451553344727,True
quimb-dmrg2,tfim,12,50,1,-14.925971109896407,0.161,0.8132443428039551,True
quimb-dmrg2,tfim,12,50,2,-14.92597110989641,0.149,0.8016097545623779,True
quimb-dmrg2,tfim,12,50,4,-14.925971109896423,0.155,0.811708927154541,True
quimb-dmrg2,tfim,12,128,1,-14.92597110989641,0.181,0.841334342956543,True
quimb-dmrg2,tfim,12,128,2,-14.925971109896448,0.185,0.8497378826141357,True
quimb-dmrg2,tfim,12,128,4,-14.92597110989638,0.189,0.8509957790374756,True
quimb-dmrg2,tfim,20,20,1,-25.107797111584706,0.344,1.0000178813934326,True
quimb-dmrg2,tfim,20,20,2,-25.10779711158479,0.399,1.060619831085205,True
quimb-dmrg2,tfim,20,20,4,-25.107797111584745,0.358,1.0187773704528809,True
quimb-dmrg2,tfim,20,50,1,-25.107797111584794,0.54,1.2006878852844238,True
quimb-dmrg2,tfim,20,50,2,-25.10779711158491,0.558,1.2200541496276855,True
quimb-dmrg2,tfim,20,50,4,-25.107797111584805,0.54,1.2038254737854004,True
quimb-dmrg2,tfim,20,128,1,-25.10779711158479,1.392,2.069687843322754,True
quimb-dmrg2,tfim,20,128,2,-25.107797111584873,1.716,2.396263599395752,True
quimb-dmrg2,tfim,20,128,4,-25.10779711158476,1.193,1.8695831298828125,True
quimb-dmrg2,tfim,32,20,1,-40.38431316110403,0.696,1.358247995376587,True
quimb-dmrg2,tfim,32,20,2,-40.38431316110362,0.68,1.3448126316070557,True
quimb-dmrg2,tfim,32,20,4,-40.384313161097765,0.6,1.2610676288604736,True
quimb-dmrg2,tfim,32,50,1,-40.384313161104274,1.544,2.2129244804382324,True
quimb-dmrg2,tfim,32,50,2,-40.38431316110401,1.58,2.2541701793670654,True
quimb-dmrg2,tfim,32,50,4,-40.38431316110095,1.16,1.8288531303405762,True
quimb-dmrg2,tfim,32,128,1,-40.384313161103925,7.129,7.8287389278411865,True
quimb-dmrg2,tfim,32,128,2,-40.384313161104224,8.231,8.933063983917236,True
quimb-dmrg2,tfim,32,128,4,-40.38431316110429,5.466,6.171410083770752,True
quimb-dmrg2,tfim,64,50,1,-81.12598012283706,4.105,4.798420429229736,True
quimb-dmrg2,tfim,64,50,2,-81.12598012284813,4.567,5.267133474349976,True
quimb-dmrg2,tfim,64,50,4,-81.12598012285022,4.534,5.235222339630127,True
quimb-dmrg2,tfim,64,128,1,-81.12598012284893,37.937,38.724801540374756,True
quimb-dmrg2,tfim,64,128,2,-81.12598012285397,25.822,26.59246563911438,True
quimb-dmrg2,tfim,64,128,4,-81.12598012284754,25.854,26.63054323196411,True
quimb-dmrg2,tfim,100,50,1,-126.96187673915668,9.254,9.98801064491272,True
quimb-dmrg2,tfim,100,50,2,-126.96187673915558,8.598,9.331037044525146,True
quimb-dmrg2,tfim,100,50,4,-126.96187673917399,8.574,9.305515766143799,True
quimb-dmrg2,tfim,100,128,1,-126.96187673916356,64.438,65.29995536804199,True
quimb-dmrg2,tfim,100,128,2,-126.96187673916019,58.404,59.270607471466064,True
quimb-dmrg2,tfim,100,128,4,-126.96187673916552,54.442,55.31002402305603,True
pdmrg-gpu,heisenberg,12,20,2,-6.804814488834,,6.118,True
pdmrg-gpu,heisenberg,12,20,4,-6.584250778726,,6.467,True
pdmrg-gpu,heisenberg,12,50,2,-5.142090632838,,1.304,True
pdmrg-gpu,heisenberg,12,50,4,-9.292612416545,,2.2,True
pdmrg-gpu,heisenberg,12,128,2,-5.142090632838,,1.167,True
pdmrg-gpu,heisenberg,12,128,4,-5.142090632841,,1.201,True
pdmrg-gpu,heisenberg,20,20,2,-7.107149894498,,15.048,True
pdmrg-gpu,heisenberg,20,20,4,-5.823005310841,,14.766,True
pdmrg-gpu,heisenberg,20,50,2,-10.309085186456,,24.698,True
pdmrg-gpu,heisenberg,20,50,4,-9.884430405995,,24.37,True
pdmrg-gpu,heisenberg,20,128,2,-10.510883589523,,104.495,True
pdmrg,tfim,12,20,1,-14.92597110990838,0.383,1.4413049221038818,True
pdmrg,tfim,12,20,1,-14.925971109908382,0.385,1.4853041172027588,True
pdmrg,tfim,12,50,1,-14.92597110990839,0.43,1.4817752838134766,True
pdmrg,tfim,12,50,1,-14.925971109908371,0.428,1.5379319190979004,True
pdmrg,tfim,12,128,1,-14.9259711099084,0.435,1.4893467426300049,True
pdmrg,tfim,12,128,1,-14.925971109908417,0.436,1.5459394454956055,True
pdmrg,tfim,20,20,1,-25.10779711162331,0.705,1.765338659286499,True
pdmrg,tfim,20,20,1,-25.10779711162327,0.769,1.885561227798462,True
pdmrg,tfim,20,20,1,-25.107797111623153,0.749,1.9258151054382324,True
pdmrg,tfim,20,50,1,-25.107797111623306,1.095,2.1575586795806885,True
pdmrg,tfim,20,50,1,-25.107797111623217,1.29,2.406250476837158,True
pdmrg,tfim,20,50,1,-25.107797111623203,1.26,2.4448652267456055,True
pdmrg,tfim,20,128,1,-25.107797111623206,3.046,4.10994291305542,True
pdmrg,tfim,20,128,1,-25.107797111623217,3.831,4.949369430541992,True
pdmrg,tfim,20,128,1,-25.10779711162326,4.748,5.928853273391724,True
pdmrg,tfim,32,20,1,-40.38431316121276,1.232,2.2978522777557373,True
pdmrg,tfim,32,20,1,-40.38431316121241,1.295,2.405423164367676,True
pdmrg,tfim,32,20,1,-40.38431316121245,1.175,2.35330867767334,True
pdmrg,tfim,32,50,1,-40.38431316121705,2.641,3.713698387145996,True
pdmrg,tfim,32,50,1,-40.38431316121713,2.875,4.005065679550171,True
pdmrg,tfim,32,50,1,-40.384313161216944,2.916,4.104324579238892,True
pdmrg,tfim,32,128,1,-40.38431316121722,9.348,10.421485662460327,True
pdmrg,tfim,32,128,1,-40.38431316121722,11.486,12.605495691299438,True
pdmrg,tfim,32,128,1,-40.38431316121705,15.445,16.64613366127014,True
pdmrg,tfim,64,50,1,-81.12598012313988,11.736,12.84078598022461,True
pdmrg,tfim,64,50,1,-81.12598012314045,8.987,10.137593507766724,True
pdmrg,tfim,64,50,1,-81.12598012314021,7.039,8.261404037475586,True
pdmrg,tfim,64,128,1,-81.12598012313944,51.561,52.64971733093262,True
pdmrg,tfim,64,128,1,-81.12598012314054,58.817,59.96128797531128,True
pdmrg,tfim,64,128,1,-81.12598012314072,50.399,51.61289167404175,True
pdmrg,tfim,100,50,1,-126.96187673967506,25.996,27.09851861000061,True
pdmrg,tfim,100,50,1,-126.96187673967638,16.972,18.121761083602905,True
pdmrg,tfim,100,50,1,-126.96187673967539,13.924,15.148802280426025,True
pdmrg,tfim,100,128,1,-126.96187673967546,198.005,199.13723230361938,True
pdmrg,tfim,100,128,1,-126.96187673967654,136.505,137.6697633266449,True
pdmrg,tfim,100,128,1,-126.96187673967465,114.665,115.8969235420227,True
pdmrg-opt,tfim,12,20,1,-14.9259711099084,0.69,1.7531898021697998,True
pdmrg-opt,tfim,12,20,1,-14.925971109908408,0.729,1.8336174488067627,True
pdmrg-opt,tfim,12,50,1,-14.925971109908398,0.892,1.944852590560913,True
pdmrg-opt,tfim,12,50,1,-14.925971109908406,0.943,2.0575687885284424,True
pdmrg-opt,tfim,12,128,1,-14.925971109908348,0.942,2.0021848678588867,True
pdmrg-opt,tfim,12,128,1,-14.92597110990839,0.982,2.089707851409912,True
pdmrg-opt,tfim,20,20,1,-25.107797111623185,1.723,2.780879259109497,True
pdmrg-opt,tfim,20,20,1,-25.107797111623192,1.742,2.857342004776001,True
pdmrg-opt,tfim,20,20,1,-25.10779711162329,1.619,2.7971997261047363,True
pdmrg-opt,tfim,20,50,1,-25.10779711162319,5.527,6.597187280654907,True
pdmrg-opt,tfim,20,50,1,-25.10779711162315,5.262,6.377561092376709,True
pdmrg-opt,tfim,20,50,1,-25.107797111623245,29.135,30.320950031280518,True
pdmrg-opt,tfim,20,128,1,-25.107797111623203,24.969,26.033024549484253,True
pdmrg-opt,tfim,20,128,1,-25.10779711162329,24.082,25.189247846603394,True
pdmrg-opt,tfim,20,128,1,-25.107797111623256,303.839,305.0239233970642,True
pdmrg-opt,tfim,32,20,1,-40.3843131612128,3.327,4.384904146194458,True
pdmrg-opt,tfim,32,20,1,-40.38431316121287,3.409,4.53298807144165,True
pdmrg-opt,tfim,32,20,1,-40.384313161212624,2.859,4.041272401809692,True
pdmrg-opt,tfim,32,50,1,-40.38431316121737,19.848,20.941400289535522,True
pdmrg-opt,tfim,32,50,1,-40.38431316121725,74.634,75.7567572593689,True
pdmrg-opt,tfim,32,50,1,-40.38431316121685,43.259,44.46493744850159,True
pdmrg-opt,tfim,32,128,1,-40.384313161216994,940.691,941.7692081928253,True
pdmrg-opt,tfim,32,128,1,-40.38431316121717,533.104,534.2408194541931,True
pdmrg-opt,tfim,32,128,1,-40.38431316121726,474.448,475.6652133464813,True
pdmrg-opt,tfim,64,50,1,-81.12598012313988,58.709,59.80429482460022,True
pdmrg-opt,tfim,64,50,1,-81.12598012313995,215.676,216.82111740112305,True
pdmrg-opt,tfim,64,50,1,-81.12598012314032,124.146,125.37368965148926,True
pdmrg-opt,tfim,64,128,1,None,None,1800,False
pdmrg-opt,tfim,100,50,1,-126.96187673967454,487.271,489.34040808677673,True
pdmrg-opt,tfim,100,50,1,-126.9618767396757,474.44,475.745707988739,True
pdmrg-opt,tfim,100,50,1,-126.96187673967674,294.398,295.7606837749481,True
pdmrg-gpu,heisenberg,20,128,4,-10.536667084159,,106.807,True
pdmrg-gpu,heisenberg,32,20,2,-7.577327128268,,33.818,False
pdmrg-gpu,heisenberg,32,20,4,-7.72019079798,,28.461,False
pdmrg-gpu,heisenberg,32,20,8,None,,1800,False
pdmrg-gpu,josephson,8,20,2,2.078770747982,,46.766,True
pdmrg-gpu,josephson,8,50,2,1.206113081914,,55.194,True
pdmrg-gpu,josephson,8,128,2,-0.06055769445,,26.455,True
pdmrg-gpu,josephson,16,20,2,4.80973705164,,125.715,True
pdmrg-gpu,josephson,16,20,4,3.830447301659,,102.201,True
pdmrg-gpu,josephson,16,50,2,3.852384918402,,219.222,True
pdmrg-gpu,josephson,16,50,4,4.359715959932,,212.606,True
pdmrg-gpu,josephson,16,128,2,3.012448781974,,1167.314,True
pdmrg-gpu,josephson,16,128,4,3.081592085423,,1228.146,True
pdmrg-gpu,josephson,32,50,2,9.110918842564,,669.174,True
pdmrg-gpu,josephson,32,50,4,9.172490746976,,563.513,True
pdmrg-gpu,josephson,32,50,8,None,,1800,False
pdmrg-gpu,tfim,12,20,2,-19.197211507922,,13.208,True
pdmrg-gpu,tfim,12,20,4,-31.778333997881,,9.593,True
pdmrg-gpu,tfim,12,50,2,-14.925971109908,,1.304,True
pdmrg-gpu,tfim,12,50,4,-14.925971109909,,1.358,True
pdmrg-gpu,tfim,12,128,2,-14.925971109902,,1.247,True
pdmrg-gpu,tfim,12,128,4,-14.925971109908,,1.393,True
pdmrg-gpu,tfim,20,20,2,-18.406276999011,,14.695,True
pdmrg-gpu,tfim,20,20,4,-21.413033562227,,14.425,True
pdmrg-gpu,tfim,20,50,2,-26.915001871029,,27.144,True
pdmrg-gpu,tfim,20,50,4,-27.5501667834,,28.227,True
pdmrg-gpu,tfim,20,128,2,-81.749613631231,,86.161,True
pdmrg-gpu,tfim,20,128,4,-40.935211950361,,108.933,True
pdmrg-gpu,tfim,32,20,2,-25.654545649645,,32.031,True
pdmrg-gpu,tfim,32,20,4,-17.386971860795,,27.213,True
pdmrg-gpu,tfim,32,20,8,None,,1800,False
pdmrg-gpu-opt,heisenberg,12,20,2,-5.142090628178,,1.172,True
pdmrg-gpu-opt,heisenberg,12,20,4,-5.142090628178,,1.211,True
pdmrg-gpu-opt,heisenberg,12,50,2,-5.142090632821,,1.068,True
pdmrg-gpu-opt,heisenberg,12,50,4,-5.142090632841,,1.115,True
pdmrg-gpu-opt,heisenberg,12,128,2,-5.142090632821,,1.063,True
pdmrg-gpu-opt,heisenberg,12,128,4,-5.142090632841,,1.107,True
pdmrg-gpu-opt,heisenberg,20,20,2,-8.68247291369,,2.234,True
pdmrg-gpu-opt,heisenberg,20,20,4,-8.68247291369,,2.251,True
pdmrg-gpu-opt,heisenberg,20,50,2,-8.682473334379,,3.562,True
pdmrg-gpu-opt,heisenberg,20,50,4,-8.682473334339,,2.903,True
pdmrg-gpu-opt,heisenberg,20,128,2,-8.682473334399,,7.278,True
pdmrg-gpu-opt,heisenberg,20,128,4,-8.682473334358,,6.121,True
pdmrg-gpu-opt,heisenberg,32,20,2,-13.997308348754,,4.299,False
pdmrg-gpu-opt,heisenberg,32,20,4,-13.997308348754,,4.112,False
pdmrg-gpu-opt,heisenberg,32,20,8,-13.997308348754,,4.262,False
pdmrg-gpu-opt,heisenberg,32,50,2,-13.997315615465,,7.347,False
pdmrg-gpu-opt,heisenberg,32,50,4,-13.997315615465,,7.258,False
pdmrg-gpu-opt,heisenberg,32,50,8,-13.997315615465,,7.425,False
pdmrg-gpu-opt,heisenberg,32,128,2,-13.997315618224,,22.567,False
pdmrg-gpu-opt,heisenberg,32,128,4,-13.997315618224,,23.468,False
pdmrg-gpu-opt,heisenberg,32,128,8,-13.997315618224,,23.469,False
pdmrg-gpu-opt,heisenberg,64,50,2,-28.175424537574,,20.775,True
pdmrg-gpu-opt,heisenberg,64,50,4,-28.175424537574,,19.134,True
pdmrg-gpu-opt,heisenberg,64,50,8,None,,1800,False
pdmrg-gpu-opt,josephson,8,20,2,-2.84379771944,,3.642,True
pdmrg-gpu-opt,josephson,8,50,2,-2.843801043139,,2.723,True
pdmrg-gpu-opt,josephson,8,128,2,-2.843801043291,,6.82,True
pdmrg-gpu-opt,josephson,16,20,2,-6.172477882303,,9.292,True
pdmrg-gpu-opt,josephson,16,20,4,-6.172477882337,,10.768,True
pdmrg-gpu-opt,josephson,16,50,2,-6.172597097142,,15.015,True
pdmrg-gpu-opt,josephson,16,50,4,-6.172597097102,,15.324,True
pdmrg-gpu-opt,josephson,16,128,2,-6.172597174056,,61.588,True
pdmrg-gpu-opt,josephson,16,128,4,-6.172597174056,,67.732,True
pdmrg-gpu-opt,josephson,32,50,2,-12.840602436514,,59.339,True
pdmrg-gpu-opt,josephson,32,50,4,-12.840602436487,,62.641,True
pdmrg-gpu-opt,josephson,32,50,8,-12.840602436338,,64.519,True
pdmrg-gpu-opt,josephson,32,128,2,-12.840606884495,,196.018,True
pdmrg-gpu-opt,josephson,32,128,4,-12.840606884495,,191.092,True
pdmrg-gpu-opt,josephson,32,128,8,-12.840606884495,,204.728,True
pdmrg-gpu-opt,josephson,48,50,2,-19.510974194305,,296.911,True
pdmrg-gpu-opt,josephson,48,50,4,-19.5109741939,,124.074,True
pdmrg-gpu-opt,josephson,48,50,8,None,,1800,False
pdmrg-gpu-opt,tfim,12,20,2,-14.925971109901,,1.692,True
pdmrg-gpu-opt,tfim,12,20,4,-14.925971109909,,1.653,True
pdmrg-gpu-opt,tfim,12,50,2,-14.925971109909,,1.171,True
pdmrg-gpu-opt,tfim,12,50,4,-14.925971109909,,2.083,True
pdmrg-gpu-opt,tfim,12,128,2,-14.925971109909,,1.197,True
pdmrg-gpu-opt,tfim,12,128,4,-14.925971109908,,1.215,True
pdmrg-gpu-opt,tfim,20,20,2,-25.107797111624,,2.148,True
pdmrg-gpu-opt,tfim,20,20,4,-25.107797111624,,2.154,True
pdmrg-gpu-opt,tfim,20,50,2,-25.107797111624,,3.306,True
pdmrg-gpu-opt,tfim,20,50,4,-25.107797111567,,2.816,True
pdmrg-gpu-opt,tfim,20,128,2,-25.107797111624,,62.852,True
pdmrg-gpu-opt,tfim,20,128,4,-25.107797111592,,18.378,True
pdmrg-gpu-opt,tfim,32,20,2,-40.384313161213,,3.501,True
pdmrg-gpu-opt,tfim,32,20,4,-40.384313161213,,3.403,True
pdmrg-gpu-opt,tfim,32,20,8,None,,1800,False
